MQ135_raw,MQ3_raw,label
176,2849,clean_air
176,2709,clean_air
176,2724,clean_air
176,2696,clean_air
176,2666,clean_air
176,2571,clean_air
176,2721,clean_air
176,2793,clean_air
176,2724,clean_air
176,2803,clean_air
176,2545,clean_air
176,2532,clean_air
176,2505,clean_air
176,2444,clean_air
176,2301,clean_air
176,2364,clean_air
176,2526,clean_air
176,2388,clean_air
176,2250,clean_air
176,2203,clean_air
176,2279,clean_air
176,2415,clean_air
176,2509,clean_air
176,2282,clean_air
176,2342,clean_air
176,2504,clean_air
176,2501,clean_air
176,2615,clean_air
176,2653,clean_air
176,2431,clean_air
176,2377,clean_air
176,2324,clean_air
176,2183,clean_air
176,2117,clean_air
176,2279,clean_air
176,2150,clean_air
176,2170,clean_air
176,2082,clean_air
176,2104,clean_air
176,2045,clean_air
176,1841,clean_air
176,1887,clean_air
176,1927,clean_air
176,1965,clean_air
176,1948,clean_air
176,2036,clean_air
176,2077,clean_air
176,2134,clean_air
176,2023,clean_air
176,1975,clean_air
176,2003,clean_air
176,2111,clean_air
176,2141,clean_air
176,1980,clean_air
176,1826,clean_air
176,1707,clean_air
176,1943,clean_air
176,1831,clean_air
176,1728,clean_air
176,1794,clean_air
176,1700,clean_air
176,1616,clean_air
176,1791,clean_air
176,1812,clean_air
176,2014,clean_air
176,2033,clean_air
176,2175,clean_air
176,2321,clean_air
176,2154,clean_air
176,2048,clean_air
176,2029,clean_air
176,1921,clean_air
176,1907,clean_air
176,1958,clean_air
176,1834,clean_air
176,1936,clean_air
176,2033,clean_air
176,2153,clean_air
176,2080,clean_air
176,2019,clean_air
176,2024,clean_air
176,1865,clean_air
176,1900,clean_air
176,2090,clean_air
176,2098,clean_air
176,1974,clean_air
176,2143,clean_air
176,2118,clean_air
176,1997,clean_air
176,1976,clean_air
176,2170,clean_air
176,2244,clean_air
176,2206,clean_air
176,2312,clean_air
176,2471,clean_air
176,2267,clean_air
176,2408,clean_air
176,2420,clean_air
176,2377,clean_air
176,2549,clean_air
176,2640,clean_air
176,2400,clean_air
176,2354,clean_air
176,2194,clean_air
176,2138,clean_air
176,2195,clean_air
176,2172,clean_air
176,2121,clean_air
176,2214,clean_air
176,2329,clean_air
176,2349,clean_air
176,2233,clean_air
176,2162,clean_air
176,2261,clean_air
176,2256,clean_air
176,2280,clean_air
176,2279,clean_air
176,2095,clean_air
176,2256,clean_air
176,2307,clean_air
176,2207,clean_air
176,2214,clean_air
176,2367,clean_air
176,2171,clean_air
176,2126,clean_air
176,1980,clean_air
176,1836,clean_air
176,2042,clean_air
176,1972,clean_air
176,1891,clean_air
176,1817,clean_air
176,1699,clean_air
176,1769,clean_air
176,1660,clean_air
176,1502,clean_air
176,1360,clean_air
176,1569,clean_air
176,1769,clean_air
176,1765,clean_air
176,1620,clean_air
176,1761,clean_air
176,1859,clean_air
176,1868,clean_air
176,1778,clean_air
176,1659,clean_air
176,1822,clean_air
176,1790,clean_air
176,1980,clean_air
176,2173,clean_air
176,2219,clean_air
176,2301,clean_air
176,2157,clean_air
176,2208,clean_air
176,2220,clean_air
176,2101,clean_air
176,2183,clean_air
176,1967,clean_air
176,1787,clean_air
176,1627,clean_air
176,1602,clean_air
176,1738,clean_air
176,1660,clean_air
176,1706,clean_air
176,1696,clean_air
176,1864,clean_air
176,2052,clean_air
176,2240,clean_air
176,2274,clean_air
176,2320,clean_air
176,2348,clean_air
176,2175,clean_air
176,2141,clean_air
176,2286,clean_air
176,2140,clean_air
176,1962,clean_air
176,1931,clean_air
176,1794,clean_air
176,1968,clean_air
176,1785,clean_air
176,1668,clean_air
176,1520,clean_air
176,1430,clean_air
176,1500,clean_air
176,1526,clean_air
176,1639,clean_air
176,1555,clean_air
176,1412,clean_air
176,1653,clean_air
176,1489,clean_air
176,1369,clean_air
176,1524,clean_air
176,1760,clean_air
176,1882,clean_air
176,1889,clean_air
176,1866,clean_air
176,2061,clean_air
176,2254,clean_air
176,2075,clean_air
176,1995,clean_air
176,2075,clean_air
176,2208,clean_air
176,2217,clean_air
176,2370,clean_air
176,2406,clean_air
176,2261,clean_air
176,2339,clean_air
176,2504,clean_air
176,2327,clean_air
176,2451,clean_air
176,2228,clean_air
131,2035,clean_air
102,2195,clean_air
49,2348,clean_air
102,2131,clean_air
102,2151,clean_air
102,2339,clean_air
49,2416,clean_air
41,2308,clean_air
41,2377,clean_air
41,2216,clean_air
41,2403,clean_air
41,2476,clean_air
78,2522,clean_air
102,2495,clean_air
102,2651,clean_air
102,2743,clean_air
156,2806,clean_air
233,2859,clean_air
180,2847,clean_air
156,2604,clean_air
131,2668,clean_air
131,2710,clean_air
180,2826,clean_air
156,2641,clean_air
131,2457,clean_air
131,2233,clean_air
233,2354,clean_air
287,2261,clean_air
233,2139,clean_air
102,2215,clean_air
41,2020,clean_air
41,2006,clean_air
78,1852,clean_air
78,1802,clean_air
78,1988,clean_air
78,2118,clean_air
102,2153,clean_air
156,2192,clean_air
131,2252,clean_air
131,2425,clean_air
131,2198,clean_air
131,2204,clean_air
131,2135,clean_air
131,2194,clean_air
131,2049,clean_air
131,2108,clean_air
131,2156,clean_air
131,1944,clean_air
131,1860,clean_air
131,1906,clean_air
131,1869,clean_air
131,2063,clean_air
131,2075,clean_air
131,2128,clean_air
131,1939,clean_air
131,2037,clean_air
131,2196,clean_air
131,2261,clean_air
131,2375,clean_air
131,2325,clean_air
131,2095,clean_air
131,1936,clean_air
131,2138,clean_air
131,2274,clean_air
131,2242,clean_air
131,2310,clean_air
131,2109,clean_air
131,2299,clean_air
131,2281,clean_air
131,2430,clean_air
131,2376,clean_air
131,2284,clean_air
131,2163,clean_air
131,1989,clean_air
131,1803,clean_air
131,2030,clean_air
131,1966,clean_air
131,1778,clean_air
131,1783,clean_air
131,1718,clean_air
131,1955,clean_air
131,2063,clean_air
131,1911,clean_air
131,1996,clean_air
131,1980,clean_air
131,1879,clean_air
131,2068,clean_air
131,2231,clean_air
131,2138,clean_air
131,2265,clean_air
131,2099,clean_air
131,1933,clean_air
41,2145,clean_air
41,2063,clean_air
41,2038,clean_air
41,2029,clean_air
41,2060,clean_air
41,1997,clean_air
41,1933,clean_air
41,2114,clean_air
41,2089,clean_air
41,2128,clean_air
41,2052,clean_air
41,1981,clean_air
41,1973,clean_air
1069,2295,spray_1m
1069,2436,spray_1m
1069,2243,spray_1m
1069,2244,spray_1m
1069,2112,spray_1m
1069,2304,spray_1m
1069,2271,spray_1m
1069,2320,spray_1m
1069,2417,spray_1m
1069,2552,spray_1m
1069,2459,spray_1m
1200,2218,spray_1m
1355,2225,spray_1m
1355,2239,spray_1m
1355,2043,spray_1m
1380,1887,spray_1m
1331,1734,spray_1m
1122,1848,spray_1m
1122,1978,spray_1m
1122,2182,spray_1m
1093,2087,spray_1m
991,1942,spray_1m
991,2021,spray_1m
991,2219,spray_1m
991,2062,spray_1m
991,2052,spray_1m
991,2228,spray_1m
991,2284,spray_1m
991,2109,spray_1m
1044,2100,spray_1m
1044,2071,spray_1m
1016,2024,spray_1m
1044,2223,spray_1m
1069,2040,spray_1m
885,2065,spray_1m
885,2184,spray_1m
991,1978,spray_1m
1093,1971,spray_1m
1093,1850,spray_1m
1147,1680,spray_1m
1200,1847,spray_1m
1200,1920,spray_1m
1224,1953,spray_1m
1147,2051,spray_1m
1147,2171,spray_1m
1122,2194,spray_1m
1069,2258,spray_1m
1093,2067,spray_1m
1122,2003,spray_1m
1200,2131,spray_1m
1249,1931,spray_1m
1278,1860,spray_1m
1355,1780,spray_1m
1249,1941,spray_1m
1171,2090,spray_1m
1171,2101,spray_1m
1171,2144,spray_1m
1171,2176,spray_1m
1171,2003,spray_1m
1171,2009,spray_1m
1171,1868,spray_1m
1171,1993,spray_1m
1171,1912,spray_1m
1171,2053,spray_1m
1171,1915,spray_1m
1171,1784,spray_1m
1171,1804,spray_1m
1171,1788,spray_1m
1171,1884,spray_1m
1171,1970,spray_1m
1171,1999,spray_1m
1171,2060,spray_1m
1171,2171,spray_1m
1171,2144,spray_1m
1171,2117,spray_1m
1171,2164,spray_1m
1171,2136,spray_1m
1171,2214,spray_1m
1171,2177,spray_1m
1171,2197,spray_1m
1171,1983,spray_1m
1171,2045,spray_1m
1171,2048,spray_1m
1171,1960,spray_1m
1171,1991,spray_1m
1171,2181,spray_1m
1171,2252,spray_1m
1171,2318,spray_1m
1171,2158,spray_1m
1171,2339,spray_1m
1171,2222,spray_1m
1171,2152,spray_1m
1171,2124,spray_1m
1171,1915,spray_1m
1171,2072,spray_1m
1171,2006,spray_1m
1171,1976,spray_1m
1171,2187,spray_1m
1171,2062,spray_1m
1171,2114,spray_1m
1171,2281,spray_1m
1171,2151,spray_1m
1171,2041,spray_1m
1511,2027,spray_1m
1458,1956,spray_1m
1540,2051,spray_1m
1618,1995,spray_1m
1458,1934,spray_1m
1433,1836,spray_1m
1409,1957,spray_1m
1355,2123,spray_1m
1249,2288,spray_1m
1278,2425,spray_1m
1200,2300,spray_1m
1200,2382,spray_1m
1093,2448,spray_1m
1093,2510,spray_1m
1016,2323,spray_1m
1200,2145,spray_1m
1200,2025,spray_1m
1122,1875,spray_1m
1093,1858,spray_1m
1224,1693,spray_1m
1302,1652,spray_1m
1302,1667,spray_1m
1302,1502,spray_1m
1302,1431,spray_1m
1302,1550,spray_1m
1302,1632,spray_1m
1302,1639,spray_1m
1302,1870,spray_1m
1302,1692,spray_1m
1302,1897,spray_1m
1302,1771,spray_1m
1302,1716,spray_1m
1302,1718,spray_1m
1302,1786,spray_1m
1302,1999,spray_1m
1302,1967,spray_1m
1302,1993,spray_1m
1302,1812,spray_1m
1302,1642,spray_1m
1302,1864,spray_1m
1302,1684,spray_1m
1302,1598,spray_1m
1302,1515,spray_1m
1302,1692,spray_1m
1302,1876,spray_1m
1302,1794,spray_1m
1302,2009,spray_1m
1302,1852,spray_1m
1302,1854,spray_1m
1302,1703,spray_1m
1302,1759,spray_1m
1302,1704,spray_1m
1302,1852,spray_1m
1302,1963,spray_1m
1302,1963,spray_1m
1302,2095,spray_1m
1302,2227,spray_1m
1302,2013,spray_1m
1302,2161,spray_1m
1302,2062,spray_1m
1302,1860,spray_1m
1302,2078,spray_1m
1302,2275,spray_1m
991,2258,spray_1m
991,2188,spray_1m
962,2040,spray_1m
962,1945,spray_1m
962,1906,spray_1m
938,2009,spray_1m
913,2168,spray_1m
860,2141,spray_1m
860,2266,spray_1m
860,2422,spray_1m
835,2393,spray_1m
835,2464,spray_1m
835,2282,spray_1m
835,2389,spray_1m
835,2499,spray_1m
835,2292,spray_1m
835,2419,spray_1m
835,2291,spray_1m
835,2313,spray_1m
835,2208,spray_1m
835,2348,spray_1m
835,2405,spray_1m
835,2469,spray_1m
835,2444,spray_1m
835,2381,spray_1m
835,2497,spray_1m
835,2626,spray_1m
835,2642,spray_1m
835,2701,spray_1m
835,2566,spray_1m
835,2453,spray_1m
835,2378,spray_1m
835,2453,spray_1m
835,2397,spray_1m
835,2392,spray_1m
835,2542,spray_1m
1982,308,spray_0.5m
1982,499,spray_0.5m
1982,586,spray_0.5m
1982,634,spray_0.5m
1982,892,spray_0.5m
1982,810,spray_0.5m
1982,738,spray_0.5m
1982,914,spray_0.5m
1982,902,spray_0.5m
1982,1161,spray_0.5m
1982,1291,spray_0.5m
1982,1378,spray_0.5m
1982,1446,spray_0.5m
1982,1429,spray_0.5m
1982,1561,spray_0.5m
1982,1500,spray_0.5m
1982,1625,spray_0.5m
1982,1649,spray_0.5m
1982,1637,spray_0.5m
1982,1769,spray_0.5m
1982,1920,spray_0.5m
1982,2088,spray_0.5m
1982,1985,spray_0.5m
1982,2025,spray_0.5m
1982,2077,spray_0.5m
1982,2131,spray_0.5m
1982,2135,spray_0.5m
1982,1938,spray_0.5m
1982,1793,spray_0.5m
1982,1725,spray_0.5m
1982,1590,spray_0.5m
1982,1642,spray_0.5m
1982,1885,spray_0.5m
1982,1970,spray_0.5m
1982,2095,spray_0.5m
1982,2159,spray_0.5m
1982,2215,spray_0.5m
1982,2082,spray_0.5m
1982,2133,spray_0.5m
1982,1956,spray_0.5m
1982,2080,spray_0.5m
1982,2093,spray_0.5m
1982,1912,spray_0.5m
1982,2026,spray_0.5m
1982,1882,spray_0.5m
1982,1897,spray_0.5m
1982,2076,spray_0.5m
1982,2255,spray_0.5m
1982,2230,spray_0.5m
1982,2395,spray_0.5m
1982,2335,spray_0.5m
1982,2379,spray_0.5m
1982,2237,spray_0.5m
1982,2102,spray_0.5m
1982,2092,spray_0.5m
1982,2272,spray_0.5m
1982,2120,spray_0.5m
1982,2285,spray_0.5m
1982,2256,spray_0.5m
1982,2222,spray_0.5m
1982,2285,spray_0.5m
1982,2373,spray_0.5m
1982,2518,spray_0.5m
1982,2461,spray_0.5m
1982,2428,spray_0.5m
1982,2467,spray_0.5m
1982,2460,spray_0.5m
1982,2284,spray_0.5m
1982,2092,spray_0.5m
1982,2038,spray_0.5m
1982,2090,spray_0.5m
1982,2188,spray_0.5m
1982,2277,spray_0.5m
1982,2209,spray_0.5m
1982,2235,spray_0.5m
1982,2315,spray_0.5m
1982,2440,spray_0.5m
1982,2342,spray_0.5m
1982,2433,spray_0.5m
1982,2500,spray_0.5m
1982,2254,spray_0.5m
1982,2245,spray_0.5m
1982,2184,spray_0.5m
1982,1991,spray_0.5m
1982,1795,spray_0.5m
1982,1682,spray_0.5m
1982,1885,spray_0.5m
1982,1700,spray_0.5m
1982,1862,spray_0.5m
1982,1843,spray_0.5m
1982,1937,spray_0.5m
1982,1866,spray_0.5m
1982,1753,spray_0.5m
1982,1947,spray_0.5m
1982,2074,spray_0.5m
1982,1911,spray_0.5m
1982,2074,spray_0.5m
1982,2263,spray_0.5m
1982,2238,spray_0.5m
1982,2125,spray_0.5m
1982,2097,spray_0.5m
1982,2029,spray_0.5m
1982,2225,spray_0.5m
1982,2031,spray_0.5m
1982,2095,spray_0.5m
1982,1955,spray_0.5m
1982,1801,spray_0.5m
1982,2010,spray_0.5m
1982,2134,spray_0.5m
1982,2305,spray_0.5m
1982,2311,spray_0.5m
1982,2322,spray_0.5m
1982,2444,spray_0.5m
1982,2529,spray_0.5m
1982,2418,spray_0.5m
1982,2264,spray_0.5m
1982,2141,spray_0.5m
1982,2119,spray_0.5m
1982,2037,spray_0.5m
1982,2206,spray_0.5m
1982,2062,spray_0.5m
1982,2199,spray_0.5m
1982,2137,spray_0.5m
1982,1991,spray_0.5m
1982,1974,spray_0.5m
1982,2153,spray_0.5m
1982,2115,spray_0.5m
1982,1918,spray_0.5m
1982,1914,spray_0.5m
1982,2059,spray_0.5m
1982,2254,spray_0.5m
1982,2092,spray_0.5m
1982,2098,spray_0.5m
1982,2070,spray_0.5m
1982,1923,spray_0.5m
1982,1734,spray_0.5m
1982,1904,spray_0.5m
1982,1847,spray_0.5m
1982,1790,spray_0.5m
1982,1908,spray_0.5m
1982,1890,spray_0.5m
1982,1720,spray_0.5m
1982,1729,spray_0.5m
1982,1896,spray_0.5m
1982,1739,spray_0.5m
1982,1868,spray_0.5m
1982,1927,spray_0.5m
1982,2052,spray_0.5m
1982,2245,spray_0.5m
1982,2070,spray_0.5m
1982,2011,spray_0.5m
1982,1951,spray_0.5m
1982,1799,spray_0.5m
1982,1978,spray_0.5m
1982,1953,spray_0.5m
1982,1774,spray_0.5m
1982,1900,spray_0.5m
1982,1829,spray_0.5m
1982,1884,spray_0.5m
1982,1757,spray_0.5m
1982,1618,spray_0.5m
1982,1725,spray_0.5m
1982,1824,spray_0.5m
1982,1994,spray_0.5m
1982,2158,spray_0.5m
1982,2265,spray_0.5m
1982,2267,spray_0.5m
1982,2174,spray_0.5m
1982,2205,spray_0.5m
1982,2193,spray_0.5m
1982,2195,spray_0.5m
1982,2235,spray_0.5m
1982,2406,spray_0.5m
1982,2549,spray_0.5m
1982,2404,spray_0.5m
1982,2500,spray_0.5m
1982,2278,spray_0.5m
1982,2443,spray_0.5m
1982,2462,spray_0.5m
1982,2409,spray_0.5m
1982,2436,spray_0.5m
1982,2337,spray_0.5m
1982,2122,spray_0.5m
1982,1964,spray_0.5m
1982,1971,spray_0.5m
1982,2142,spray_0.5m
1982,2327,spray_0.5m
1982,2145,spray_0.5m
1982,2084,spray_0.5m
1982,2220,spray_0.5m
1982,2060,spray_0.5m
1982,1976,spray_0.5m
1982,2044,spray_0.5m
1982,2112,spray_0.5m
1982,2069,spray_0.5m
1982,2216,spray_0.5m
1957,2288,spray_0.5m
1957,2337,spray_0.5m
2191,2416,spray_0.5m
2191,2188,spray_0.5m
2371,2373,spray_0.5m
2424,2211,spray_0.5m
2531,2270,spray_0.5m
2662,2053,spray_0.5m
2555,2142,spray_0.5m
2453,2232,spray_0.5m
2424,2372,spray_0.5m
2424,2229,spray_0.5m
2400,2355,spray_0.5m
2244,2181,spray_0.5m
2162,2268,spray_0.5m
2215,2341,spray_0.5m
2215,2155,spray_0.5m
2269,2202,spray_0.5m
2293,2266,spray_0.5m
2424,2247,spray_0.5m
2424,2360,spray_0.5m
2424,2271,spray_0.5m
2424,2284,spray_0.5m
2424,2278,spray_0.5m
2424,2243,spray_0.5m
2424,2039,spray_0.5m
2424,1929,spray_0.5m
2424,1836,spray_0.5m
2424,1781,spray_0.5m
2424,1951,spray_0.5m
2424,1982,spray_0.5m
2424,1871,spray_0.5m
2424,2038,spray_0.5m
2424,1964,spray_0.5m
2424,1953,spray_0.5m
2424,1899,spray_0.5m
2424,1789,spray_0.5m
2424,1646,spray_0.5m
2424,1799,spray_0.5m
2424,1723,spray_0.5m
2424,1725,spray_0.5m
2424,1959,spray_0.5m
2424,2032,spray_0.5m
2424,2145,spray_0.5m
2424,2082,spray_0.5m
2424,2258,spray_0.5m
2424,2357,spray_0.5m
2424,2218,spray_0.5m
2424,2175,spray_0.5m
2424,1965,spray_0.5m
2424,2020,spray_0.5m
2424,1959,spray_0.5m
2424,1869,spray_0.5m
2424,2058,spray_0.5m
2424,1906,spray_0.5m
2424,2062,spray_0.5m
2424,2108,spray_0.5m
2424,2304,spray_0.5m
2424,2075,spray_0.5m
2424,1996,spray_0.5m
2424,2195,spray_0.5m
2424,2305,spray_0.5m
2424,2210,spray_0.5m
2424,2106,spray_0.5m
2424,2299,spray_0.5m
2424,2074,spray_0.5m
2424,2199,spray_0.5m
2424,2138,spray_0.5m
2424,2130,spray_0.5m
2424,2089,spray_0.5m
2424,1949,spray_0.5m
2424,1904,spray_0.5m
2424,1877,spray_0.5m
2424,2006,spray_0.5m
2424,2083,spray_0.5m
2424,2197,spray_0.5m
2424,2276,spray_0.5m
2424,2396,spray_0.5m
2424,2522,spray_0.5m
2424,2409,spray_0.5m
2424,2312,spray_0.5m
2424,2178,spray_0.5m
2424,2105,spray_0.5m
2424,2175,spray_0.5m
2424,2003,spray_0.5m
2424,2168,spray_0.5m
2424,2165,spray_0.5m
2424,2241,spray_0.5m
2424,2096,spray_0.5m
2424,2154,spray_0.5m
2424,2162,spray_0.5m
2424,2259,spray_0.5m

